query,response_before,response_after,reward_before,reward_after,reward_diff
"Summarize the following conversation. In recent years, renewable energy sources like solar, water and wind have become increasingly popular in many countries around the world. As the cost of solar panels, wind turbines and other technologies falls, more and more households and businesses are turning to these sustainable, clean sources of energy. In the United States, the number of residential and commercial solar installations has more than quadrupled since 2010. Summary: </s>","<pad> As Africa continues to develore the energy it produces, we are asking them to make their most of that natural resource, cutting carbon emissions.</s>",<pad> Solar panels are important in ways that require less power in the long-range.</s>,2.4384665489196777,4.515921115875244,2.0774545669555664
Summarize the following conversation. Summary: This essay looks into the role of environment and climate in human performance and development Living in a safe and secure environment helps in bringing success and aids in better development even in the absence of measured competence Summary: </s>,<pad> Turning us away from terrorist activity only raisings inner-city payoffs for our society</s>,"<pad> Org.: potrutrama ($1, 2007), Sachmmer (2013), Simara e C[standhat].pg Mahar and Arun devga (2015), Singhinan and Japtirajani (2003),and Chirman, Ajaytoo, Podhodharanavya%8, Mariopada (2008),Nal mukherami,; Pallima, Ashram,Umanaandh, Ravampamniah, Tanakaidli| Kerala India Film College,Moirakhi-Smehtsa (2012),Naloo Dal Science College,Vacancy,andiidgeewin.de Jhabug members,Parandwal</s>",2.879207134246826,3.7697386741638184,0.8905315399169922
"Summarize the following conversation. Powerful and yet surprisingly easy to use, cloud computing has revolutionised business practices, offering businesses a wide range of scalable services that are delivered effortlessly over the internet. It has become increasingly popular in recent years due to its low cost and scalability, its scalability making it ideal for businesses of any size. Additionally, cloud computing provides a variety of resources and applications that can be used for tasks ranging from data analysis to customer management. Summary: </s>",<pad> Salesforce will upgrade their entire Office 365 business and look into the services delivered through cloud computing. Project your inventory tools into excel and get auditing data and reports updated daily. Get all the latest security features for more security and process compliance.</s>,"<pad> Cloud Computing. Powerful and yet surprisingly easy to use, cloud computing has revolutionised business practices.</s>",3.5973198413848877,4.078886985778809,0.4815671443939209
"Summarize the following conversation. Climate change is one of the most pressing and urgent issues of our time. The effects of global warming are already being felt around the world, with rising sea levels, extreme weather events, and other impacts. Reducing our use of fossil fuels is the most significant way to address climate change, and the good news is that it is possible to do this while still maintaining a modern lifestyle. Summary: </s>",<pad> Learn about climate change then.</s>,<pad> Turn the fall back on fossil fuels.</s>,3.292013168334961,3.684454917907715,0.3924417495727539
"Summarize the following conversation. Summary: In this novel, an elderly man revisits his past and reflects on a childhood filled with love and loss. His journey brings him closer to understanding his relationships and finding closure as he moves closer to his end. Summary: </s>",<pad> A character portrait of professional social interactions and belongings at work</s>,"<pad>with the sudden delays of Moss's third book, Alan Winterweging returns to Chicago after 14 years in financial trouble.</s>",2.8821563720703125,3.2397401332855225,0.35758376121520996
Summarize the following conversation. This chapter discusses an approach to online evaluation of natural language interaction systems based on procedures automatically generated from domain models. It focuses on the critical problems of automatically generating correct evaluation tests and providing meaningful scores for the evaluation of natural language understanding and dialogue management performance. Summary: </s>,<pad> Universal Language into Solid: Transformational Evaluation of Design and Methodology</s>,<pad> An Approach To Online Evaluation of Natural Language Interaction Systems</s>,3.63676118850708,3.79313063621521,0.15636944770812988
"Summarize the following conversation. The flu is an infection caused by the influenza virus. Symptoms of the flu include fever, sore throat, and body aches. To prevent the spread of the virus, people should practice good hygiene, such as washing their hands regularly. Summary: </s>",<pad> Know the symptoms of the flu.</s>,<pad> Look out for symptoms of the flu.</s>,3.7949929237365723,3.9180796146392822,0.12308669090270996
"Summarize the following conversation. E-commerce is the purchasing of goods or services over the internet. It has grown from the early internet days to today's all-encompassing socially interactive experience. Instead of store front businesses creating websites for customers to purchase their goods, companies, like Amazon and eBay, were established specifically to connect buyers and sellers in an online marketplace. Today, many companies have not just established an online presence but have fully incorporated an online model that is either their main form or conduit of commerce or expands and supplements existing brick-and-mortar stores. Summary: </s>",<pad> Discuss E-commerce.</s>,<pad> Understand E-commerce and its legacy role.</s>,3.5897626876831055,3.6754515171051025,0.08568882942199707
"Summarize the following conversation. Many forms of music have roots in folk styles. These include a variety of forms from different countries and regions, including bluegrass from the American South, Irish traditional music, Indian classical music and klezmer from Eastern Europe, amongst others. Summary: </s>",<pad> Gather and share information about folk music.</s>,<pad> Explore the influences of a variety of cultures.</s>,4.405690670013428,4.363338947296143,-0.042351722717285156
"Summarize the following conversation. Robotics is a branch of engineering and science that deals with the design, construction, operation, and application of robots, as well as computer systems for their control, sensory feedback, and information processing. Summary: </s>",<pad> Learn more about the fields of robotics in this article before your travels.</s>,<pad> Address writer's questions about the field and how it relates into robotics.</s>,4.468761444091797,4.4013872146606445,-0.06737422943115234
"Summarize the following conversation. The wonderful world of Web accessibility As the web grows, accessible web content becomes more important. Accessible websites have a better user experience and are beneficial both to developers and users. They allow everyone, regardless of disability, to get improved access to information and resources. Summary: </s>",<pad> Click here to read more about the benefits of web accessibility.</s>,<pad> Define 3 ways in which users can be accessible.</s>,4.426939010620117,4.324650764465332,-0.10228824615478516
"Summarize the following conversation. COVID-19 has created significant upheavals in the global economy, as has been evidenced by plummeting industrial output, weakened confidence in investments, and other indicators of economic malaise. People have been laid off from their jobs, industries have seen their businesses struggling, and the difficulty of maintaining the physical distancing measures have further hampered global economic growth. Governments have been quick to respond, introducing stimulus packages aimed at stabilizing their economies, while also attempting to mitigate the effects of the pandemic on their people. Summary: </s>","<pad> The spread of COVID-19 implicates more than 100 million people globally, most of them in developing countries.</s>","<pad> Despite the prognosis of relief reached by workers scheduled for departure due to COVID-19, and the wider response by the United States, critics deplore a wide range of concerns and concepts.â€”FBI reporters</s>",3.9449424743652344,3.803203582763672,-0.1417388916015625
"Summarize the following conversation. Rob was a ten-year-old boy who loved to play video games. Despite not having access to the latest console, he was well-versed in gaming culture and could create his own levels. He used this knowledge to design and build an impressive custom-made arcade cabinet for the village's annual carnival. His invention was an instant hit and Rob won the prize for best innovation. Summary: </s>",<pad> Rob created a custom arcade cabinet for the carnival.</s>,<pad> Invent an arcade console for a carnival in town.</s>,3.934016466140747,3.6922008991241455,-0.24181556701660156
"Summarize the following conversation. The paper, titled ""Exploring Voice-Based Human-Robot Interaction in Non-Technical Domains"" describes the development of an interactive AI system that enables natural language-based human-robot interaction, with a focus on providing robotic assistance to homeowners. Summary: </s>","<pad> The paper discloses software development in robotics technology, levels of customization and the part-on-body technology in its development.</s>","<pad> This new interactive framework can help clear-, informal language barriers to locating and instructing sprayers and other interactive cameras, according to a decision by high tech tech author Nottingham Statuary.</s>",3.849672555923462,3.5555272102355957,-0.2941453456878662
Summarize the following conversation. Machine Learning (ML) is a subset of Artificial Intelligence (AI). It enables computer systems to learn from data without being programmed explicitly. ML uses algorithm that are trained on data in order to make predictions or identify patterns on new data. Summary: </s>,<pad> Understand the classification concept.</s>,<pad> Understand machine learning. Understand the relation between neural and program theory.</s>,3.9608445167541504,3.64713716506958,-0.3137073516845703
"Summarize the following conversation. The internet has drastically altered our lives in a variety of ways, drastically changing the ways we do business, interact with others, and consume media. The internet has made it so that communication can be instant across distances large and small, while e-commerce and online banking allow us to make purchases and payments quicker, easier, and more securely than ever before. It has given voice to formerly marginalized communities and provided access to information and resources previously unaffordable. Summary: </s>",<pad> Talk about how technology has changed our lives.</s>,<pad> Discuss the challenges and challenges faced by the modern day Israeli government.</s>,3.1285927295684814,2.3163039684295654,-0.812288761138916
